player_id,player_name,position,first_season,last_season
8478421,A.J. Greer,L,20202021,20252026
8477180,Aaron Dell,G,20202021,20222023
8477932,Aaron Ekblad,D,20202021,20252026
8474604,Aaron Ness,D,20202021,20202021
8482691,Aatu Raty,C,20222023,20252026
8481550,Adam Beckman,L,20212022,20232024
8480871,Adam Boqvist,D,20202021,20252026
8478996,Adam Brooks,C,20202021,20212022
8481726,Adam Edstrom,C,20232024,20252026
8483686,Adam Engstrom,D,20252026,20252026
8477454,Adam Erne,L,20202021,20252026
8484166,Adam Fantilli,C,20232024,20252026
8479323,Adam Fox,D,20202021,20252026
8478874,Adam Gaudette,C,20202021,20252026
8480874,Adam Ginning,D,20222023,20252026
8474641,Adam Henrique,C,20202021,20252026
8478903,Adam Huska,G,20212022,20212022
8483609,Adam Klapka,R,20232024,20252026
8476457,Adam Larsson,D,20202021,20252026
8476392,Adam Lowry,L,20202021,20252026
8476917,Adam Pelech,D,20202021,20252026
8482197,Adam Raska,R,20212022,20232024
8480008,Adam Ruzicka,C,20202021,20232024
8482642,Adam Scheel,G,20212022,20212022
8479530,Adam Werner,G,20202021,20202021
8482482,Adam Wilsby,D,20242025,20252026
8478499,Adin Hill,G,20202021,20252026
8477960,Adrian Kempe,L,20202021,20252026
8481683,Aidan McDonough,L,20222023,20222023
8480851,Akil Thomas,C,20232024,20242025
8481033,Akira Schmid,G,20212022,20252026
8484254,Akito Hirose,D,20222023,20232024
8481699,Aku Raty,R,20232024,20232024
8481607,Albert Johansson,D,20242025,20252026
8474166,Alec Martinez,D,20202021,20242025
8480831,Alec Regula,D,20202021,20252026
8477493,Aleksander Barkov,C,20202021,20242025
8483463,Aleksanteri Kaskimaki,C,20252026,20252026
8482783,Aleksei Kolosov,G,20242025,20252026
8480037,Aleksi Heponiemi,C,20202021,20222023
8478848,Ales Stezka,G,20242025,20242025
8479718,Alex Barré-Boulet,C,20202021,20252026
8475968,Alex Belzile,R,20202021,20222023
8473415,Alex Biega,D,20202021,20212022
8475163,Alex Chiasson,R,20202021,20222023
8480394,Alex D'Orio,G,20202021,20202021
8479337,Alex DeBrincat,R,20202021,20252026
8480029,Alex Formenton,L,20202021,20212022
8476851,Alex Galchenyuk,C,20202021,20222023
8471274,Alex Goligoski,D,20202021,20232024
8480113,Alex Iafallo,L,20202021,20252026
8473986,Alex Killorn,C,20202021,20252026
8482155,Alex Laferriere,R,20232024,20252026
8479312,Alex Lyon,G,20202021,20252026
8477968,Alex Nedeljkovic,G,20202021,20252026
8481618,Alex Newhook,C,20202021,20252026
8479423,Alex Nylander,L,20222023,20242025
8471214,Alex Ovechkin,L,20202021,20252026
8474565,Alex Pietrangelo,D,20202021,20242025
8471774,Alex Stalock,G,20202021,20232024
8482634,Alex Steeves,C,20212022,20252026
8477949,Alex Tuch,R,20202021,20252026
8481532,Alex Turcotte,C,20212022,20252026
8481568,Alex Vlasic,D,20212022,20252026
8480382,Alexandar Georgiev,G,20202021,20242025
8480823,Alexander Alexeyev,D,20212022,20242025
8482222,Alexander Barabanov,L,20202021,20232024
8481935,Alexander Bishop,G,20212022,20212022
8471303,Alexander Edler,D,20202021,20222023
8482125,Alexander Holtz,R,20212022,20252026
8477021,Alexander Kerfoot,C,20202021,20252026
8482100,Alexander Nikishin,D,20252026,20252026
8475755,Alexander Petrovic,D,20232024,20252026
8471228,Alexander Radulov,R,20202021,20212022
8481014,Alexander Romanov,D,20202021,20252026
8480384,Alexander True,C,20202021,20212022
8480186,Alexander Volkov,R,20202021,20202021
8477505,Alexander Wennberg,C,20202021,20252026
8478851,Alexandre Carrier,D,20202021,20252026
8480074,Alexandre Texier,C,20202021,20252026
8482246,Alexei Melnichuk,G,20202021,20212022
8480281,Alexey Toropchenko,R,20212022,20252026
8482109,Alexis Lafrenière,L,20202021,20252026
8481656,Aliaksei Protas,C,20212022,20252026
8478075,Anders Bjork,L,20202021,20222023
8475314,Anders Lee,C,20202021,20252026
8477444,Andre Burakovsky,L,20202021,20252026
8481732,Andre Lee,L,20242025,20252026
8476960,Andreas Athanasiou,C,20202021,20242025
8480158,Andreas Borgman,D,20202021,20202021
8477971,Andreas Englund,D,20222023,20242025
8477341,Andreas Johnsson,L,20202021,20222023
8483808,Andrei Kuzmenko,L,20222023,20252026
8480830,Andrei Svechnikov,R,20202021,20252026
8476883,Andrei Vasilevskiy,G,20202021,20252026
8471284,Andrej Sekera,D,20202021,20212022
8477205,Andrej Sustr,D,20212022,20212022
8475461,Andrew Agozzino,L,20202021,20252026
8471699,Andrew Cogliano,C,20202021,20232024
8477429,Andrew Copp,C,20202021,20252026
8477202,Andrew Hammond,G,20202021,20212022
8471217,Andrew Ladd,L,20212022,20212022
8478233,Andrew Mangiapane,L,20202021,20252026
8479369,Andrew Peeke,D,20202021,20252026
8479249,Andrew Poturalski,C,20212022,20242025
8476381,Andrew Shaw,C,20202021,20202021
8476404,Andy Andreoff,C,20202021,20222023
8472382,Andy Greene,D,20202021,20212022
8476407,Andy Welinski,D,20202021,20202021
8481065,Angus Crookshank,L,20232024,20252026
8478074,Anthony Angello,C,20202021,20212022
8478463,Anthony Beauvillier,L,20202021,20252026
8475868,Anthony Bitetto,D,20202021,20202021
8478519,Anthony Cirelli,C,20202021,20252026
8477407,Anthony Duclair,L,20202021,20252026
8479447,Anthony Greco,R,20212022,20212022
8477511,Anthony Mantha,R,20202021,20252026
8478409,Anthony Richard,C,20222023,20242025
8476932,Anthony Stolarz,G,20202021,20252026
8477312,Antoine Bibeau,G,20212022,20212022
8474849,Antoine Roussel,L,20202021,20212022
8477320,Anton Blidh,L,20202021,20252026
8476341,Anton Forsberg,G,20202021,20252026
8471418,Anton Khudobin,G,20202021,20222023
8483641,Anton Levtchi,L,20222023,20222023
8482113,Anton Lundell,C,20212022,20252026
8471873,Anton Stralman,D,20202021,20222023
8477293,Antti Raanta,G,20202021,20232024
8480965,Antti Suomela,C,20202021,20202021
8471685,Anze Kopitar,C,20202021,20252026
8482964,Arber Xhekaj,D,20222023,20252026
8480242,Arnaud Durandeau,L,20222023,20222023
8481721,Arseny Gritsyuk,R,20252026,20252026
8483395,Arshdeep Bains,L,20232024,20252026
8473573,Artem Anisimov,C,20202021,20202021
8482245,Artem Zub,D,20202021,20252026
8481552,Artemi Kniazev,D,20212022,20212022
8478550,Artemi Panarin,C,20202021,20252026
8481560,Arthur Kaliyev,R,20202021,20252026
8484938,Arttu Hyry,R,20242025,20242025
8481626,Arttu Ruotsalainen,C,20202021,20212022
8477476,Artturi Lehkonen,L,20202021,20252026
8482515,Artur Akhtyamov,G,20252026,20252026
8481668,Arturs Silovs,G,20202021,20252026
8484783,Artyom Levshunov,D,20242025,20252026
8481501,Artyom Zagidulin,G,20202021,20202021
8480244,Arvid Holm,G,20222023,20222023
8482821,Arvid Soderblom,G,20212022,20252026
8478512,Austin Czarnik,C,20202021,20232024
8478040,Austin Poganski,R,20202021,20212022
8480467,Austin Strand,D,20202021,20222023
8478455,Austin Wagner,L,20202021,20222023
8475766,Austin Watson,L,20202021,20242025
8479318,Auston Matthews,C,20202021,20252026
8479536,Axel Jonsson-Fjallby,L,20212022,20232024
8484223,Axel Sandin-Pellikka,D,20252026,20252026
8484234,Aydar Suniev,L,20242025,20242025
8476624,Barclay Goodrow,C,20202021,20252026
8480849,Barrett Hayton,C,20202021,20252026
8479359,Beck Malenstyn,L,20212022,20252026
8484762,Beckett Sennecke,R,20252026,20252026
8475279,Ben Chiarot,D,20202021,20252026
8477433,Ben Harpur,D,20202021,20222023
8477018,Ben Hutton,D,20202021,20252026
8480259,Ben Jones,C,20212022,20252026
8485414,Ben Kindel,C,20252026,20252026
8481827,Ben McCartney,L,20212022,20212022
8483570,Ben Meyers,C,20212022,20252026
8478049,Ben Thomas,D,20202021,20202021
8484800,Berkly Catton,C,20252026,20252026
8482399,Billy Sweezey,D,20222023,20222023
8476399,Blake Coleman,C,20202021,20252026
8471260,Blake Comeau,L,20202021,20212022
8481481,Blake Lizotte,C,20202021,20252026
8478480,Blake Speers,C,20212022,20212022
8471218,Blake Wheeler,R,20202021,20232024
8480870,Bo Groulx,C,20212022,20232024
8477500,Bo Horvat,C,20202021,20252026
8481553,Bobby Brink,R,20212022,20252026
8482259,Bobby McMann,C,20222023,20252026
8471676,Bobby Ryan,R,20202021,20202021
8482167,Bogdan Trineyev,R,20252026,20252026
8478147,Bokondji Imama,L,20212022,20252026
8476432,Boone Jenner,C,20202021,20252026
8479383,Boris Katchouk,L,20212022,20252026
8481524,Bowen Byram,D,20202021,20252026
8476779,Brad Hunt,D,20202021,20222023
8483471,Brad Lambert,C,20232024,20252026
8474089,Brad Malone,C,20212022,20222023
8473419,Brad Marchand,C,20202021,20252026
8470755,Brad Richardson,R,20202021,20212022
8474651,Braden Holtby,G,20202021,20212022
8482073,Braden Schneider,D,20212022,20252026
8484203,Bradly Nadeau,L,20232024,20252026
8481442,Brady Keeper,D,20202021,20202021
8485405,Brady Martin,C,20252026,20252026
8476869,Brady Skjei,D,20202021,20252026
8480801,Brady Tkachuk,L,20202021,20252026
8483890,Braeden Bowman,R,20252026,20252026
8485385,Braeden Cootes,C,20252026,20252026
8477631,Brandon Baddock,L,20212022,20212022
8482061,Brandon Biro,L,20212022,20232024
8483548,Brandon Bussi,G,20222023,20252026
8478443,Brandon Carlo,D,20202021,20252026
8475869,Brandon Davidson,D,20202021,20202021
8479520,Brandon Duhaime,R,20212022,20252026
8479330,Brandon Gignac,C,20232024,20232024
8479542,Brandon Hagel,L,20202021,20252026
8477990,Brandon Halverson,G,20242025,20252026
8477986,Brandon Montour,D,20202021,20252026
8475204,Brandon Pirri,C,20202021,20202021
8476438,Brandon Saad,L,20202021,20252026
8483407,Brandon Scanlin,D,20232024,20232024
8474091,Brandon Sutter,C,20202021,20202021
8479293,Brandon Tanev,L,20202021,20252026
8482730,Brandt Clarke,D,20222023,20252026
8475188,Brayden McNabb,D,20202021,20252026
8481167,Brayden Pachal,D,20212022,20252026
8478010,Brayden Point,C,20202021,20252026
8475170,Brayden Schenn,C,20202021,20252026
8481530,Brayden Tracey,L,20212022,20212022
8470601,Braydon Coburn,D,20202021,20202021
8482153,Brendan Brisson,C,20232024,20242025
8475848,Brendan Gallagher,R,20202021,20252026
8476867,Brendan Gaunce,C,20212022,20252026
8478425,Brendan Guhle,D,20212022,20212022
8477962,Brendan Lemieux,L,20202021,20232024
8477943,Brendan Perlini,L,20212022,20212022
8474090,Brendan Smith,D,20202021,20252026
8475455,Brenden Dillon,D,20202021,20252026
8482747,Brennan Othmann,L,20232024,20252026
8470613,Brent Burns,D,20202021,20252026
8482132,Brett Berard,L,20242025,20252026
8475792,Brett Connolly,R,20202021,20212022
8479353,Brett Howden,C,20202021,20252026
8476967,Brett Kulak,D,20202021,20252026
8481517,Brett Leason,R,20212022,20252026
8479419,Brett Murray,L,20202021,20242025
8477488,Brett Pesce,D,20202021,20252026
8476439,Brett Ritchie,R,20202021,20222023
8478881,Brett Seney,L,20212022,20232024
8470619,Brian Boyle,C,20212022,20212022
8475208,Brian Dumoulin,D,20202021,20252026
8470880,Brian Elliott,G,20202021,20222023
8483531,Brian Halonen,L,20232024,20252026
8477314,Brian Pinho,C,20202021,20202021
8482369,Brinson Pasichnuk,D,20202021,20202021
8478444,Brock Boeser,R,20202021,20252026
8482122,Brock Faber,D,20222023,20252026
8476934,Brock McGinn,L,20202021,20242025
8475754,Brock Nelson,C,20202021,20252026
8481479,Brogan Rafferty,D,20202021,20202021
8475810,Bryan Rust,R,20202021,20252026
8481815,Bryce Kindopp,R,20212022,20212022
8477210,Buddy Robinson,R,20202021,20222023
8475278,Byron Froese,C,20202021,20232024
8480083,C.J. Smith,L,20202021,20212022
8478058,CJ Suess,L,20212022,20222023
8473504,Cal Clutterbuck,R,20202021,20232024
8479984,Cal Foote,D,20202021,20232024
8477361,Cal Petersen,G,20202021,20232024
8479985,Cale Fleury,D,20212022,20252026
8480069,Cale Makar,D,20202021,20252026
8482528,Cale Morris,G,20212022,20212022
8478452,Caleb Jones,D,20202021,20252026
8480884,Calen Addison,D,20202021,20232024
8482250,Callahan Burke,C,20222023,20242025
8482477,Calle Clang,G,20232024,20242025
8475714,Calle Jarnkrok,C,20202021,20252026
8480157,Calle Rosen,D,20212022,20232024
8484221,Calum Ritchie,C,20242025,20252026
8475717,Calvin Pickard,G,20202021,20252026
8475177,Calvin de Haan,D,20202021,20242025
8474715,Cam Atkinson,R,20202021,20242025
8479341,Cam Dineen,D,20212022,20242025
8475764,Cam Fowler,D,20202021,20252026
8480858,Cam Hillis,C,20212022,20212022
8483481,Cam Lund,C,20242025,20242025
8475660,Cam Talbot,G,20202021,20252026
8481546,Cam York,D,20202021,20252026
8483045,Cameron Butler,R,20232024,20232024
8480075,Cameron Crotty,D,20232024,20242025
8478888,Cameron Hughes,C,20202021,20202021
8480760,Cameron Johnson,G,20202021,20202021
8471679,Carey Price,G,20202021,20212022
8477472,Carl Dahlstrom,D,20212022,20212022
8479336,Carl Grundstrom,R,20202021,20252026
8474125,Carl Gunnarsson,D,20202021,20202021
8474176,Carl Hagelin,L,20202021,20212022
8482761,Carl Lindbom,G,20252026,20252026
8471262,Carl Soderberg,C,20202021,20202021
8479358,Carsen Twarynski,L,20202021,20202021
8482781,Carson Lambos,D,20252026,20252026
8480292,Carson Meyer,R,20212022,20232024
8477369,Carson Soucy,D,20202021,20252026
8479394,Carter Hart,G,20202021,20252026
8475622,Carter Hutton,G,20202021,20212022
8482802,Carter Mazur,L,20242025,20242025
8477240,Carter Rowney,R,20202021,20212022
8477409,Carter Verhaeghe,C,20202021,20252026
8475231,Casey Cizikas,C,20202021,20252026
8479193,Casey DeSmith,G,20202021,20252026
8479578,Casey Fitzgerald,D,20212022,20222023
8479999,Casey Mittelstadt,C,20202021,20252026
8480051,Cayden Primeau,G,20202021,20252026
8476975,Cedric Paquette,C,20202021,20212022
8477244,Chad Ruhwedel,D,20202021,20242025
8476905,Chandler Stephenson,C,20202021,20252026
8480426,Charle-Edouard D'Astous,D,20252026,20252026
8484428,Charles Alexis Legault,D,20252026,20252026
8476948,Charles Hudon,L,20222023,20222023
8475745,Charlie Coyle,C,20202021,20252026
8479292,Charlie Lindgren,G,20202021,20252026
8479325,Charlie McAvoy,D,20202021,20252026
8482507,Chase Bradley,L,20242025,20242025
8478029,Chase De Leo,C,20202021,20212022
8478486,Chase Pearson,C,20212022,20212022
8479597,Chase Priskie,D,20212022,20212022
8476904,Chris Driedger,G,20202021,20242025
8475184,Chris Kreider,C,20202021,20252026
8475690,Chris Tanev,D,20202021,20252026
8476919,Chris Tierney,C,20202021,20232024
8475780,Chris Wagner,R,20202021,20242025
8475227,Chris Wideman,D,20212022,20222023
8477043,Christian Djoos,D,20202021,20202021
8477989,Christian Dvorak,L,20202021,20252026
8478432,Christian Fischer,R,20202021,20242025
8478868,Christian Jaros,D,20202021,20212022
8478846,Christian Wolanin,D,20202021,20222023
8476444,Christopher Gibson,G,20202021,20222023
8478056,Clark Bishop,C,20202021,20242025
8473512,Claude Giroux,R,20202021,20252026
8483532,Clay Stevenson,G,20232024,20252026
8479343,Clayton Keller,C,20202021,20252026
8476879,Cody Ceci,D,20202021,20252026
8475236,Cody Eakin,C,20202021,20212022
8479996,Cody Glass,C,20202021,20252026
8478367,Cole Bardreau,C,20222023,20222023
8481540,Cole Caufield,R,20202021,20252026
8480252,Cole Guttman,C,20222023,20232024
8481043,Cole Koepke,L,20222023,20252026
8484287,Cole McWard,D,20222023,20252026
8482149,Cole Perfetti,C,20212022,20252026
8481133,Cole Reinhardt,L,20212022,20252026
8481655,Cole Schwindt,C,20212022,20252026
8482705,Cole Sillinger,C,20212022,20252026
8482062,Cole Smith,L,20202021,20252026
8476278,Colin Blackwell,C,20202021,20252026
8476525,Colin Miller,D,20202021,20252026
8478400,Colin White,C,20202021,20242025
8480420,Collin Delia,G,20202021,20232024
8484911,Collin Graf,R,20232024,20252026
8481551,Colten Ellis,G,20252026,20252026
8485907,Colten McIntyre,G,20252026,20252026
8482703,Colton Dach,C,20242025,20252026
8476892,Colton Parayko,D,20202021,20252026
8474098,Colton Sceviour,C,20202021,20212022
8476925,Colton Sissons,C,20202021,20252026
8478841,Colton White,D,20202021,20252026
8484144,Connor Bedard,C,20232024,20252026
8477015,Connor Brown,R,20202021,20252026
8479382,Connor Bunnaman,C,20202021,20212022
8476941,Connor Carrick,D,20202021,20222023
8484529,Connor Clattenburg,C,20252026,20252026
8477365,Connor Clifton,D,20202021,20252026
8480980,Connor Dewar,C,20212022,20252026
8476945,Connor Hellebuyck,G,20202021,20252026
8478971,Connor Ingram,G,20212022,20252026
8482067,Connor Mackey,D,20202021,20242025
8478402,Connor McDavid,C,20202021,20252026
8481580,Connor McMichael,C,20202021,20252026
8476473,Connor Murphy,D,20202021,20252026
8482074,Connor Zary,C,20232024,20252026
8478856,Conor Garland,R,20202021,20252026
8483447,Conor Geekie,C,20242025,20252026
8477839,Conor Sheary,L,20202021,20252026
8479982,Conor Timmins,D,20202021,20252026
8478442,Cooper Marody,C,20212022,20212022
8470621,Corey Perry,R,20202021,20252026
8481461,Corey Schueneman,D,20212022,20242025
8471239,Cory Schneider,G,20202021,20222023
8467950,Craig Anderson,G,20202021,20222023
8475225,Craig Smith,C,20202021,20242025
8480876,Curtis Douglas,C,20252026,20252026
8477508,Curtis Lazar,C,20202021,20252026
8470147,Curtis McElhinney,G,20202021,20202021
8483445,Cutter Gauthier,L,20232024,20252026
8482094,Daemon Hunt,D,20232024,20252026
8478057,Dakota Joshua,C,20202021,20252026
8477541,Dakota Mermis,D,20202021,20252026
8484164,Dalibor Dvorsky,C,20242025,20252026
8480994,Damien Giroux,C,20222023,20222023
8476923,Damon Severson,D,20202021,20252026
8479252,Dan Renouf,D,20202021,20222023
8478435,Dan Vladar,G,20202021,20252026
8477901,Daniel Carr,L,20202021,20202021
8478466,Daniel Sprong,R,20202021,20242025
8478069,Daniel Walcott,L,20202021,20202021
8484388,Daniil But,L,20252026,20252026
8482624,Daniil Miromanov,D,20212022,20252026
8481536,Daniil Misyul,D,20242025,20242025
8480193,Daniil Tarasov,G,20212022,20252026
8482101,Danil Gushchin,L,20222023,20242025
8483526,Danil Zhilkin,C,20252026,20252026
8483525,Danila Yurov,R,20252026,20252026
8477215,Danny DeKeyser,D,20202021,20212022
8476982,Danny O'Regan,C,20212022,20212022
8479371,Dante Fabbro,D,20202021,20252026
8478046,Danton Heinen,L,20202021,20252026
8475311,Darcy Kuemper,G,20202021,20252026
8477498,Darnell Nurse,D,20202021,20252026
8471794,Darren Helm,C,20202021,20222023
8478178,Darren Raddysh,D,20212022,20252026
8483203,Dave Nozzolillo,G,20252026,20252026
8470655,David Backes,R,20202021,20202021
8480063,David Farrance,D,20202021,20202021
8480328,David Gust,R,20222023,20222023
8481019,David Gustafsson,C,20202021,20242025
8483460,David Jiricek,D,20222023,20252026
8480144,David Kampf,C,20202021,20252026
8478436,David Kase,R,20202021,20202021
8471276,David Krejci,C,20202021,20222023
8477956,David Pastrnak,R,20202021,20252026
8474102,David Perron,L,20202021,20252026
8479496,David Rittich,G,20202021,20252026
8475233,David Savard,D,20202021,20242025
8483766,David Spacek,D,20252026,20252026
8485493,David Tomasek,R,20252026,20252026
8482110,Dawson Mercer,C,20212022,20252026
8478567,Dean Kukan,D,20202021,20212022
8483398,Declan Carlile,D,20232024,20252026
8480990,Declan Chisholm,D,20212022,20252026
8478495,Denis Gurianov,R,20202021,20232024
8478843,Denis Malgin,C,20222023,20222023
8479395,Dennis Cholowski,D,20202021,20252026
8478502,Dennis Gilbert,D,20202021,20252026
8483710,Dennis Hildeby,G,20232024,20252026
8483485,Denton Mateychuk,D,20242025,20252026
8484142,Denver Barkey,C,20252026,20252026
8480378,Dereck Baribeau,G,20202021,20202021
8475762,Derek Forbort,D,20202021,20252026
8474683,Derek Grant,C,20202021,20222023
8478585,Derek Ryan,C,20202021,20242025
8474613,Derek Stepan,C,20202021,20222023
8473544,Derick Brassard,C,20202021,20222023
8476884,Derrick Pouliot,D,20212022,20232024
8471227,Devan Dubnyk,G,20202021,20202021
8482445,Devin Cooley,G,20232024,20252026
8483461,Devin Kaplan,R,20242025,20242025
8476913,Devin Shore,C,20202021,20242025
8482221,Devon Levi,G,20222023,20242025
8478038,Devon Toews,D,20202021,20252026
8479346,Dillon Dube,C,20202021,20232024
8477471,Dillon Heatherington,D,20212022,20222023
8480041,Dmitri Samorukov,D,20212022,20222023
8484386,Dmitri Simashev,D,20252026,20252026
8481716,Dmitri Voronkov,L,20232024,20252026
8476436,Dmitrij Jaskin,R,20212022,20212022
8475179,Dmitry Kulikov,D,20202021,20252026
8475200,Dmitry Orlov,D,20202021,20252026
8478857,Dmytro Timashov,L,20202021,20202021
8483711,Domenic DiVincentiis,G,20252026,20252026
8481562,Domenick Fensore,D,20242025,20252026
8483752,Dominic James,C,20252026,20252026
8476952,Dominic Toninato,C,20202021,20252026
8480946,Dominik Kahun,C,20202021,20202021
8477330,Dominik Kubalik,L,20202021,20232024
8479942,Dominik Shine,R,20242025,20242025
8478866,Dominik Simon,C,20202021,20212022
8482131,Donovan Sebrango,D,20242025,20252026
8476462,Dougie Hamilton,D,20202021,20252026
8480208,Drake Batherson,C,20202021,20252026
8479465,Drake Caggiula,C,20202021,20242025
8480221,Drake Rymsha,C,20202021,20202021
8482123,Drew Commesso,G,20242025,20252026
8474563,Drew Doughty,D,20202021,20252026
8481563,Drew Helleson,D,20222023,20252026
8482055,Drew O'Connor,L,20202021,20252026
8475213,Drew Shore,C,20202021,20202021
8478211,Dryden Hunt,L,20202021,20252026
8470281,Duncan Keith,D,20202021,20212022
8470606,Dustin Brown,L,20202021,20212022
8481326,Dustin Nickel,G,20232024,20232024
8479137,Dustin Smith,G,20212022,20212022
8474682,Dustin Tokarski,G,20202021,20242025
8481692,Dustin Wolf,G,20212022,20252026
8479639,Dylan Coghlan,D,20202021,20252026
8481528,Dylan Cozens,C,20202021,20252026
8476331,Dylan DeMelo,D,20202021,20252026
8482663,Dylan Duke,L,20242025,20242025
8480263,Dylan Ferguson,G,20212022,20242025
8479580,Dylan Gambrell,C,20202021,20222023
8482193,Dylan Garand,G,20232024,20252026
8482699,Dylan Guenther,R,20222023,20252026
8482077,Dylan Holloway,L,20222023,20252026
8477946,Dylan Larkin,C,20202021,20252026
8475795,Dylan McIlrath,D,20222023,20252026
8480049,Dylan Samberg,D,20212022,20252026
8478106,Dylan Sikura,C,20202021,20212022
8478440,Dylan Strome,C,20202021,20252026
8479380,Dylan Wells,G,20202021,20222023
8478062,Dysin Mayo,D,20212022,20252026
8484158,Easton Cowan,R,20252026,20252026
8480009,Eeli Tolvanen,R,20202021,20252026
8480185,Eetu Luostarinen,C,20202021,20252026
8480199,Eetu Makiniemi,G,20222023,20222023
8481585,Egor Afanasyev,L,20222023,20232024
8482475,Egor Chinakhov,R,20212022,20252026
8481102,Egor Sokolov,L,20212022,20222023
8481178,Egor Zamula,D,20202021,20252026
8477496,Elias Lindholm,C,20202021,20252026
8483678,Elias Pettersson,D,20242025,20252026
8480012,Elias Pettersson,C,20202021,20252026
8483510,Elias Salomonsson,D,20252026,20252026
8482452,Elliot Desnoyers,L,20222023,20222023
8481725,Elmer Soderblom,L,20222023,20252026
8478007,Elvis Merzlikins,G,20202021,20252026
8482126,Emil Andrae,D,20232024,20252026
8480205,Emil Bemstrom,C,20202021,20242025
8482476,Emil Heineman,L,20232024,20252026
8482929,Emil Lilleberg,D,20232024,20252026
8484471,Emmitt Finnie,C,20252026,20252026
8477480,Eric Comrie,G,20202021,20252026
8480762,Eric Robinson,L,20202021,20252026
8470595,Eric Staal,C,20202021,20222023
8480073,Erik Brannstrom,D,20202021,20242025
8478416,Erik Cernak,D,20202021,20252026
8475790,Erik Gudbranson,D,20202021,20252026
8476979,Erik Gustafsson,D,20202021,20252026
8475287,Erik Haula,L,20202021,20252026
8473446,Erik Johnson,D,20202021,20242025
8478902,Erik Kallgren,G,20212022,20222023
8474578,Erik Karlsson,D,20202021,20252026
8481707,Erik Portillo,G,20242025,20242025
8476902,Esa Lindell,D,20202021,20252026
8478451,Ethan Bear,D,20202021,20232024
8482206,Ethan Cardwell,R,20242025,20252026
8482807,Ethan Del Mastro,D,20232024,20252026
8479289,Ethan Prow,D,20212022,20212022
8483573,Ethen Frank,C,20242025,20252026
8480803,Evan Bouchard,D,20202021,20252026
8479331,Evan Cormier,G,20232024,20232024
8478542,Evan Rodrigues,C,20202021,20252026
8475169,Evander Kane,L,20202021,20252026
8471215,Evgeni Malkin,C,20202021,20252026
8474149,Evgenii Dadonov,R,20202021,20252026
8475744,Evgeny Kuznetsov,C,20202021,20232024
8478431,Evgeny Svechnikov,L,20202021,20222023
8482763,Fabian Lysell,R,20242025,20242025
8480188,Fabian Zetterlund,L,20212022,20252026
8482768,Fedor Svechkov,C,20242025,20252026
8478433,Felix Sandstrom,G,20212022,20242025
8478488,Filip Chlapik,C,20202021,20202021
8480078,Filip Chytil,C,20202021,20252026
8476887,Filip Forsberg,L,20202021,20252026
8479406,Filip Gustavsson,G,20202021,20252026
8480842,Filip Hallander,C,20212022,20252026
8479425,Filip Hronek,D,20202021,20252026
8480820,Filip Kral,D,20222023,20222023
8483619,Filip Roos,D,20222023,20232024
8480821,Filip Zadina,R,20202021,20232024
8484403,Florian Xhekaj,L,20252026,20252026
8483493,Frank Nazar,C,20232024,20252026
8478366,Frank Vatrano,C,20202021,20252026
8470144,Frans Nielsen,C,20202021,20202021
8483489,Fraser Minten,C,20232024,20252026
8479329,Frederic Allard,D,20202021,20222023
8483017,Frederic Brunet,D,20242025,20242025
8477919,Frederick Gaudreau,C,20202021,20252026
8475883,Frederik Andersen,G,20202021,20252026
8477512,Frederik Gauthier,C,20202021,20212022
8476368,Fredrik Claesson,D,20202021,20212022
8482248,Fredrik Handemark,C,20202021,20202021
8479518,Fredrik Karlstrom,C,20212022,20222023
8478028,Fredrik Olofsson,L,20222023,20232024
8484210,Gabe Perreault,R,20242025,20252026
8478506,Gabriel Carlsson,D,20202021,20222023
8484887,Gabriel Carriere,G,20242025,20242025
8480863,Gabriel Fortier,L,20212022,20222023
8476455,Gabriel Landeskog,L,20202021,20252026
8480014,Gabriel Vilardi,C,20202021,20252026
8481813,Gaetan Haas,C,20202021,20202021
8482201,Gage Goncalves,C,20232024,20252026
8482188,Garin Bjorklund,G,20252026,20252026
8477903,Garnet Hathaway,R,20202021,20252026
8476343,Garret Sparks,G,20212022,20212022
8479516,Garrett Pilon,C,20202021,20212022
8479945,Gavin Bayreuther,D,20202021,20222023
8484149,Gavin Brindley,C,20232024,20252026
8476966,Gemel Smith,C,20202021,20212022
8484312,Georgi Romanov,G,20232024,20242025
8483567,Georgii Merkulov,C,20232024,20252026
8479933,Gerry Mayhew,C,20202021,20212022
8479379,Givani Smith,R,20202021,20242025
8478446,Glenn Gawdin,C,20202021,20232024
8481578,Graeme Clarke,R,20232024,20232024
8480306,Grant Hutton,D,20212022,20242025
8475735,Greg McKegg,C,20202021,20212022
8474688,Greg Pateryn,D,20202021,20212022
8476345,Gregory Hofmann,C,20212022,20212022
8480844,Grigori Denisenko,L,20202021,20242025
8478465,Guillaume Brisebois,D,20202021,20242025
8478055,Gustav Forsling,D,20202021,20252026
8480184,Gustav Lindstrom,D,20202021,20232024
8474679,Gustav Nyquist,C,20212022,20252026
8477467,Gustav Olofsson,D,20222023,20232024
8476854,Hampus Lindholm,D,20202021,20252026
8479522,Hardy Haman Aktell,D,20232024,20232024
8474667,Harri Sateri,G,20212022,20212022
8484839,Harrison Brunicke,D,20252026,20252026
8478173,Hayden Hodgson,R,20212022,20252026
8477938,Haydn Fleury,D,20202021,20252026
8482169,Helge Grans,D,20242025,20242025
8482148,Hendrix Lapierre,C,20212022,20252026
8480035,Henri Jokiharju,D,20202021,20252026
8479404,Henrik Borgstrom,C,20212022,20222023
8481567,Henry Thrun,D,20222023,20252026
8477392,Hudson Fasching,R,20202021,20242025
8481070,Hugh McGing,L,20222023,20252026
8481597,Hugo Alnefelt,G,20212022,20212022
8484150,Hunter Brzustewicz,D,20242025,20252026
8481003,Hunter Drew,D,20212022,20212022
8483452,Hunter Haight,C,20252026,20252026
8484125,Hunter McKown,C,20222023,20222023
8480112,Hunter Miska,G,20202021,20202021
8482411,Hunter Shepard,G,20222023,20252026
8481715,Hunter Skinner,D,20252026,20252026
8474013,Ian Cole,D,20202021,20252026
8480070,Ian Mitchell,D,20202021,20242025
8482178,Ian Moore,D,20242025,20252026
8484994,Igor Chernyshov,L,20252026,20252026
8478048,Igor Shesterkin,G,20202021,20252026
8481709,Ilya Konovalov,G,20212022,20212022
8480950,Ilya Lyubushkin,D,20202021,20252026
8481624,Ilya Mikheyev,R,20202021,20252026
8478492,Ilya Samsonov,G,20202021,20242025
8482470,Ilya Solovyov,D,20232024,20252026
8478009,Ilya Sorokin,G,20202021,20252026
8483455,Isaac Howard,L,20252026,20252026
8483659,Isaac Poulter,G,20232024,20242025
8480019,Isaac Ratcliffe,L,20212022,20212022
8482192,Isaak Phillips,D,20212022,20252026
8480806,Isac Lundeström,C,20202021,20252026
8483448,Isaiah George,D,20242025,20252026
8481520,Isaiah Saville,G,20232024,20232024
8485473,Isak Posch,G,20252026,20252026
8482765,Isak Rosen,R,20232024,20252026
8477964,Ivan Barbashev,C,20202021,20252026
8480276,Ivan Chekhovich,L,20202021,20202021
8484984,Ivan Demidov,R,20242025,20252026
8478905,Ivan Fedotov,G,20232024,20242025
8483930,Ivan Ivan,C,20242025,20252026
8483491,Ivan Miroshnichenko,L,20232024,20252026
8481031,Ivan Prosvetov,G,20202021,20232024
8478500,Ivan Provorov,D,20202021,20252026
8475234,J-F Berube,G,20212022,20212022
8482655,J.J. Moser,D,20212022,20252026
8477456,J.T. Compher,L,20202021,20252026
8476468,J.T. Miller,C,20202021,20252026
8482175,JJ Peterka,R,20212022,20252026
8476958,Jaccob Slavin,D,20202021,20252026
8482072,Jack Ahcan,D,20202021,20252026
8475789,Jack Campbell,G,20202021,20242025
8483433,Jack Devine,R,20252026,20252026
8480835,Jack Drury,C,20212022,20252026
8478403,Jack Eichel,C,20202021,20252026
8482090,Jack Finley,C,20242025,20252026
8481559,Jack Hughes,C,20202021,20252026
8471677,Jack Johnson,D,20202021,20242025
8479581,Jack LaFontaine,G,20212022,20212022
8480855,Jack McBain,C,20212022,20252026
8482097,Jack Quinn,R,20212022,20252026
8480056,Jack Rathbone,D,20202021,20222023
8478458,Jack Roslovic,C,20202021,20252026
8481030,Jack St. Ivany,D,20232024,20252026
8480021,Jack Studnicka,C,20202021,20252026
8482144,Jack Thompson,D,20232024,20242025
8485469,Jack Williams,R,20242025,20242025
8482809,Jackson Blake,R,20232024,20252026
8482654,Jackson Cates,C,20202021,20222023
8481605,Jackson LaCombe,D,20222023,20252026
8480879,Jacob Bernard-Docker,D,20202021,20252026
8480196,Jacob Bryson,D,20202021,20252026
8484170,Jacob Fowler,G,20252026,20252026
8481848,Jacob Gaucher,C,20242025,20252026
8480857,Jacob Ingham,G,20212022,20212022
8478491,Jacob Larsson,D,20202021,20222023
8479439,Jacob MacDonald,D,20202021,20232024
8474593,Jacob Markstrom,G,20202021,20252026
8482874,Jacob Melanson,R,20242025,20252026
8479421,Jacob Moverare,D,20212022,20252026
8482150,Jacob Perreault,R,20212022,20212022
8480216,Jacob Peterson,C,20212022,20232024
8484901,Jacob Quillan,C,20242025,20252026
8476885,Jacob Trouba,D,20202021,20252026
8477455,Jacob de la Rose,L,20202021,20202021
8475768,Jaden Schwartz,C,20202021,20252026
8474596,Jake Allen,G,20202021,20252026
8479402,Jake Bean,D,20202021,20252026
8481161,Jake Christiansen,D,20212022,20252026
8478498,Jake DeBrusk,L,20202021,20252026
8478133,Jake Evans,C,20202021,20252026
8474581,Jake Gardiner,D,20202021,20202021
8477404,Jake Guentzel,C,20202021,20252026
8479991,Jake Leschyshyn,C,20212022,20232024
8484256,Jake Livingstone,D,20222023,20222023
8481422,Jake Lucchini,C,20222023,20242025
8476931,Jake McCabe,D,20202021,20252026
8478136,Jake Middleton,D,20202021,20252026
8474162,Jake Muzzin,D,20202021,20222023
8482089,Jake Neighbours,L,20212022,20252026
8479979,Jake Oettinger,G,20202021,20252026
8482105,Jake Sanderson,D,20222023,20252026
8477937,Jake Virtanen,R,20202021,20202021
8478013,Jake Walman,D,20202021,20252026
8479345,Jakob Chychrun,D,20202021,20252026
8481592,Jakob Pelletier,L,20222023,20252026
8475164,Jakob Silfverberg,R,20202021,20232024
8482487,Jakub Dobes,G,20242025,20252026
8480231,Jakub Galvas,D,20212022,20212022
8480880,Jakub Lauko,C,20222023,20242025
8480819,Jakub Skarek,G,20242025,20252026
8474161,Jakub Voracek,R,20202021,20222023
8477944,Jakub Vrana,L,20202021,20242025
8478415,Jakub Zboril,D,20202021,20222023
8478970,Jalen Chatfield,D,20202021,20252026
8480468,James Hamblin,L,20222023,20232024
8482744,James Malatesta,L,20232024,20242025
8471707,James Neal,L,20202021,20212022
8473503,James Reimer,G,20202021,20252026
8474037,James van Riemsdyk,L,20202021,20252026
8473994,Jamie Benn,L,20202021,20252026
8482142,Jamie Drysdale,D,20202021,20252026
8476467,Jamie Oleksiak,D,20202021,20252026
8480890,Jan Jenik,C,20202021,20242025
8480172,Jan Rutta,D,20202021,20242025
8475825,Jani Hakanpää,D,20202021,20242025
8483497,Jani Nyman,R,20242025,20252026
8479511,Janne Kuokkanen,C,20202021,20212022
8478424,Jansen Harkins,C,20202021,20252026
8483728,Jared Davidson,C,20252026,20252026
8477955,Jared McCann,C,20202021,20252026
8474716,Jared Spurgeon,D,20202021,20252026
8479994,Jaret Anderson-Dolan,C,20202021,20242025
8482877,Jaroslav Chmelar,R,20252026,20252026
8470860,Jaroslav Halak,G,20202021,20222023
8475797,Jarred Tinordi,D,20202021,20232024
8474218,Jason Demers,D,20202021,20222023
8477450,Jason Dickinson,C,20202021,20252026
8484255,Jason Polin,R,20232024,20252026
8480027,Jason Robertson,L,20202021,20252026
8469455,Jason Spezza,C,20202021,20212022
8475722,Jason Zucker,L,20202021,20252026
8481061,Jasper Weatherby,C,20212022,20212022
8483530,Jaxson Stauber,G,20222023,20242025
8474291,Jay Beagle,C,20202021,20212022
8477963,Jayce Hawryluk,C,20202021,20202021
8477034,Jaycob Megna,D,20212022,20252026
8480304,Jayden Halbgewachs,L,20212022,20212022
8481593,Jayden Struble,D,20232024,20252026
8477126,Jayson Megna,C,20202021,20232024
8476419,Jean-Gabriel Pageau,C,20202021,20252026
8482147,Jean-Luc Foudy,C,20222023,20232024
8477520,Jean-Sebastien Dea,C,20202021,20222023
8470604,Jeff Carter,C,20202021,20232024
8482408,Jeff Malott,L,20212022,20252026
8473507,Jeff Petry,D,20202021,20252026
8475784,Jeff Skinner,C,20202021,20252026
8479705,Jeffrey Viel,L,20202021,20252026
8484976,Jere Innala,L,20242025,20242025
8479602,Jeremy Davies,D,20202021,20222023
8478468,Jeremy Lauzon,D,20202021,20252026
8480280,Jeremy Swayman,G,20202021,20252026
8480003,Jesper Boqvist,C,20202021,20252026
8479407,Jesper Bratt,L,20202021,20252026
8475855,Jesper Fast,R,20202021,20232024
8482834,Jesper Froden,R,20212022,20222023
8482484,Jesper Vikman,G,20252026,20252026
8482661,Jesper Wallstedt,G,20232024,20252026
8480829,Jesperi Kotkaniemi,C,20202021,20252026
8479344,Jesse Puljujarvi,R,20202021,20242025
8481058,Jesse Ylonen,R,20202021,20232024
8482982,Jet Greaves,G,20212022,20252026
8483183,Jett Alexander,G,20222023,20222023
8484779,Jett Luchanko,C,20242025,20252026
8481486,Jimmy Schuldt,D,20242025,20242025
8483516,Jimmy Snuggerud,R,20242025,20252026
8476918,Jimmy Vesey,L,20202021,20242025
8483468,Jiri Kulich,C,20232024,20252026
8480238,Jiri Patera,G,20212022,20252026
8484314,Jiri Smejkal,L,20232024,20232024
8479571,Joachim Blichfeld,L,20202021,20202021
8483465,Joakim Kemell,R,20242025,20252026
8475807,Joakim Nordstrom,C,20202021,20202021
8481638,Joakim Nygard,L,20202021,20202021
8477046,Joakim Ryan,D,20202021,20202021
8470794,Joe Pavelski,C,20202021,20232024
8481441,Joe Snively,C,20212022,20232024
8466138,Joe Thornton,C,20202021,20212022
8480813,Joe Veleno,C,20202021,20252026
8476469,Joel Armia,R,20202021,20252026
8482446,Joel Blomqvist,G,20232024,20242025
8476441,Joel Edmundson,D,20202021,20252026
8478493,Joel Eriksson Ek,C,20202021,20252026
8480797,Joel Farabee,L,20202021,20252026
8477810,Joel Hanley,D,20202021,20252026
8480981,Joel Hofer,G,20212022,20252026
8481516,Joel Kellman,C,20202021,20202021
8481641,Joel Kiviranta,L,20202021,20252026
8480769,Joel L'Esperance,R,20202021,20202021
8482911,Joel Nystrom,D,20252026,20252026
8480034,Joel Teasdale,L,20222023,20222023
8479315,Joey Anderson,R,20202021,20242025
8478916,Joey Daccord,G,20202021,20252026
8480466,Joey Keane,D,20202021,20212022
8475728,Johan Larsson,L,20202021,20212022
8481556,John Beecher,C,20232024,20252026
8474590,John Carlson,D,20202021,20252026
8481558,John Farinacci,C,20242025,20242025
8476434,John Gibson,G,20202021,20252026
8477401,John Hayden,C,20202021,20252026
8475906,John Klingberg,D,20202021,20252026
8481077,John Leonard,L,20202021,20252026
8481206,John Ludvig,D,20232024,20242025
8478507,John Marino,D,20202021,20252026
8475186,John Moore,D,20202021,20212022
8475166,John Tavares,C,20202021,20252026
8480192,Johnathan Kovacevic,D,20212022,20252026
8476346,Johnny Gaudreau,L,20202021,20232024
8476903,Jon Gillies,G,20212022,20222023
8481489,Jon Lizotte,D,20212022,20212022
8475750,Jon Merrill,D,20202021,20242025
8479981,Jonah Gadjovich,L,20202021,20252026
8476463,Jonas Brodin,D,20202021,20252026
8477992,Jonas Johansson,G,20202021,20252026
8480007,Jonas Rondbjerg,R,20212022,20252026
8478399,Jonas Siegenthaler,D,20202021,20252026
8481013,Jonatan Berggren,R,20222023,20252026
8481219,Jonathan Aspirot,D,20252026,20252026
8473541,Jonathan Bernier,G,20202021,20212022
8479373,Jonathan Dahlen,C,20212022,20212022
8477494,Jonathan Drouin,L,20202021,20252026
8480836,Jonathan Gruden,C,20222023,20232024
8476456,Jonathan Huberdeau,C,20202021,20252026
8483476,Jonathan Lekkerimäki,R,20242025,20252026
8476539,Jonathan Marchessault,C,20202021,20252026
8471734,Jonathan Quick,G,20202021,20252026
8473604,Jonathan Toews,C,20212022,20252026
8477380,Jonny Brodzinski,C,20202021,20252026
8479533,Joona Koppanen,L,20222023,20252026
8481649,Joona Luoto,L,20222023,20222023
8475820,Joonas Donskoi,R,20202021,20212022
8476914,Joonas Korpisalo,G,20202021,20252026
8476412,Jordan Binnington,G,20202021,20252026
8474586,Jordan Eberle,C,20202021,20252026
8478413,Jordan Greenway,L,20202021,20252026
8480913,Jordan Gross,D,20202021,20222023
8480887,Jordan Harris,D,20212022,20252026
8479385,Jordan Kyrou,C,20202021,20252026
8476921,Jordan Martinook,L,20202021,20252026
8477851,Jordan Oesterle,D,20202021,20242025
8481606,Jordan Spence,D,20212022,20252026
8473533,Jordan Staal,C,20202021,20252026
8474818,Jordie Benn,D,20202021,20222023
8480373,Josef Korenar,G,20202021,20212022
8476390,Joseph Cramarossa,C,20202021,20222023
8476425,Joseph LaBate,C,20242025,20252026
8483181,Joseph O'Brien,G,20232024,20232024
8479361,Joseph Woll,G,20202021,20252026
8476981,Josh Anderson,R,20202021,20252026
8476326,Josh Archibald,R,20202021,20222023
8474573,Josh Bailey,C,20202021,20222023
8477680,Josh Currie,R,20202021,20202021
8482659,Josh Doan,R,20232024,20252026
8482623,Josh Dunne,C,20202021,20252026
8476410,Josh Leivo,L,20202021,20222023
8476312,Josh Manson,D,20202021,20252026
8477504,Josh Morrissey,D,20202021,20252026
8480064,Josh Norris,C,20202021,20252026
8477384,Joshua Brown,D,20202021,20242025
8479372,Joshua Mahura,D,20202021,20252026
8482749,Joshua Roy,R,20232024,20252026
8481004,Josiah Slavin,L,20212022,20212022
8484929,Juha Jaaska,L,20242025,20242025
8477996,Juho Lammikko,L,20202021,20252026
8476915,Jujhar Khaira,L,20202021,20232024
8479328,Julien Gauthier,R,20202021,20242025
8483515,Juraj Slafkovský,L,20222023,20252026
8477473,Justin Bailey,R,20202021,20232024
8482111,Justin Barron,D,20212022,20252026
8474027,Justin Braun,D,20202021,20222023
8479638,Justin Brazeau,R,20232024,20252026
8479941,Justin Danforth,R,20212022,20252026
8475413,Justin Dowling,C,20202021,20252026
8475753,Justin Faulk,D,20202021,20252026
8475718,Justin Holl,D,20202021,20242025
8484829,Justin Hryckowian,C,20242025,20252026
8477993,Justin Kirkland,C,20222023,20252026
8480528,Justin Kowalkoski,G,20252026,20252026
8482179,Justin Richards,C,20202021,20222023
8482785,Justin Robidas,C,20242025,20252026
8474602,Justin Schultz,D,20202021,20232024
8482088,Justin Sourdif,R,20232024,20252026
8481020,Justus Annunen,G,20212022,20252026
8477424,Juuse Saros,G,20202021,20252026
8481704,Juuso Parssinen,C,20222023,20252026
8480945,Juuso Riikola,D,20202021,20212022
8479976,Juuso Välimäki,D,20202021,20242025
8480817,K'Andre Miller,D,20202021,20252026
8478039,Kaapo Kahkonen,G,20202021,20252026
8481554,Kaapo Kakko,R,20202021,20252026
8481527,Kaedan Korczak,D,20212022,20252026
8482087,Kaiden Guhle,D,20222023,20252026
8479977,Kailer Yamamoto,R,20202021,20252026
8479348,Kale Clague,D,20202021,20232024
8478872,Karel Vejmelka,G,20212022,20252026
8485483,Karsen Dorwart,L,20242025,20242025
8480901,Karson Kuhlman,C,20202021,20222023
8479288,Kasimir Kaskisuo,G,20202021,20202021
8479512,Kasper Bjorkqvist,R,20212022,20212022
8477953,Kasperi Kapanen,R,20202021,20252026
8479387,Keaton Middleton,D,20202021,20242025
8478434,Keegan Kolesar,R,20202021,20252026
8476234,Keith Kinkaid,G,20202021,20222023
8479975,Keith Petruzzelli,G,20222023,20222023
8471735,Keith Yandle,D,20202021,20212022
8478965,Kenneth Appleby,G,20212022,20232024
8475844,Kenny Agostino,L,20202021,20202021
8482660,Kent Johnson,C,20212022,20252026
8476191,Kevan Miller,D,20202021,20202021
8480860,Kevin Bahl,D,20202021,20252026
8475246,Kevin Connauton,D,20202021,20212022
8477814,Kevin Czuczman,D,20202021,20202021
8477942,Kevin Fiala,L,20202021,20252026
8475857,Kevin Gravel,D,20222023,20242025
8475763,Kevin Hayes,R,20202021,20252026
8483466,Kevin Korchinski,D,20232024,20252026
8478099,Kevin Labanc,R,20202021,20242025
8480947,Kevin Lankinen,G,20202021,20252026
8480867,Kevin Mandolese,G,20202021,20242025
8479291,Kevin Rooney,C,20202021,20252026
8474031,Kevin Shattenkirk,D,20202021,20232024
8478831,Kevin Stenlund,C,20202021,20252026
8480748,Kiefer Sherwood,L,20202021,20252026
8479356,Kieffer Bellows,L,20202021,20242025
8481523,Kirby Dach,C,20202021,20252026
8478864,Kirill Kaprizov,L,20202021,20252026
8483467,Kirill Kudryavtsev,D,20242025,20242025
8480893,Kirill Marchenko,R,20222023,20252026
8482815,Kirill Semyonov,C,20212022,20212022
8480279,Kirill Ustimenko,G,20212022,20212022
8480011,Klim Kostin,C,20202021,20242025
8479986,Kole Lind,R,20202021,20232024
8478949,Kole Sherwood,R,20202021,20212022
8484797,Konsta Helenius,C,20252026,20252026
8471724,Kris Letang,D,20202021,20252026
8471729,Kris Russell,D,20202021,20212022
8480443,Kristian Reichel,C,20212022,20222023
8480005,Kristian Vesalainen,L,20202021,20212022
8479729,Kristians Rubins,D,20212022,20212022
8476545,Kurtis Gabriel,R,20202021,20212022
8477073,Kurtis MacDermid,D,20202021,20252026
8477335,Kyle Burroughs,D,20202021,20242025
8478476,Kyle Capobianco,D,20202021,20252026
8475160,Kyle Clifford,L,20202021,20222023
8478398,Kyle Connor,L,20202021,20252026
8479304,Kyle Criscuolo,C,20212022,20222023
8480356,Kyle Keyser,G,20212022,20212022
8483182,Kyle Konin,G,20212022,20242025
8481237,Kyle MacLean,C,20232024,20252026
8473449,Kyle Okposo,R,20202021,20232024
8475151,Kyle Palmieri,C,20202021,20252026
8476415,Kyle Rau,C,20202021,20212022
8483166,Kyle Shapiro,G,20212022,20212022
8474068,Kyle Turris,C,20202021,20212022
8479016,Landon Bow,G,20202021,20202021
8482172,Landon Slaggert,L,20232024,20252026
8483457,Lane Hutson,D,20232024,20252026
8478967,Lane Pederson,C,20202021,20252026
8474189,Lars Eller,C,20202021,20252026
8481575,Lassi Thomson,D,20212022,20222023
8476316,Laurent Brossoit,G,20202021,20232024
8477460,Laurent Dauphin,C,20212022,20222023
8480935,Lawrence Pilut,D,20222023,20222023
8478474,Lawson Crouse,L,20202021,20252026
8481640,Lean Bergmann,C,20202021,20202021
8482447,Leevi Meriläinen,G,20222023,20252026
8484177,Lenni Hameenaho,R,20252026,20252026
8484153,Leo Carlsson,C,20232024,20252026
8473463,Leo Komarov,C,20202021,20212022
8477934,Leon Draisaitl,C,20202021,20252026
8480853,Liam Foudy,C,20202021,20242025
8477070,Liam O'Brien,C,20202021,20252026
8483499,Liam Ohgren,L,20232024,20252026
8483425,Lian Bichsel,D,20242025,20252026
8480072,Lias Andersson,C,20202021,20222023
8479333,Libor Hajek,D,20202021,20222023
8479534,Linus Hogberg,D,20212022,20212022
8481024,Linus Karlsson,C,20232024,20252026
8482243,Linus Sandin,R,20212022,20212022
8476999,Linus Ullmark,G,20202021,20252026
8479366,Logan Brown,C,20202021,20222023
8483431,Logan Cooley,C,20232024,20252026
8474053,Logan Couture,C,20202021,20232024
8482733,Logan Mailloux,D,20232024,20252026
8483012,Logan Morrison,C,20232024,20232024
8481186,Logan O'Connor,R,20202021,20242025
8476400,Logan Shaw,R,20212022,20212022
8482702,Logan Stankoven,C,20232024,20252026
8479378,Logan Stanley,D,20202021,20252026
8480313,Logan Thompson,G,20202021,20252026
8470626,Loui Eriksson,L,20202021,20212022
8478011,Louie Belpedio,D,20202021,20232024
8481806,Louis Crevier,D,20232024,20252026
8475839,Louis Domingue,G,20202021,20242025
8484152,Luca Cagnoni,D,20242025,20242025
8483432,Luca Del Bel Belluz,C,20232024,20252026
8484214,Luca Pinelli,C,20252026,20252026
8474579,Luca Sbisa,D,20202021,20202021
8479523,Lucas Carlsson,D,20202021,20242025
8483549,Lucas Condotta,C,20222023,20242025
8479321,Lucas Johansen,D,20212022,20232024
8482078,Lucas Raymond,L,20212022,20252026
8478027,Lucas Wallmark,C,20202021,20202021
8482141,Lukas Cormier,D,20232024,20232024
8480843,Lukas Dostal,G,20202021,20252026
8482117,Lukas Reichel,L,20212022,20252026
8481751,Lukas Rousek,R,20222023,20232024
8476310,Lukas Sedlak,C,20222023,20222023
8478838,Lukas Vejdemo,C,20212022,20212022
8482146,Luke Evangelista,R,20222023,20252026
8476822,Luke Glendening,C,20202021,20252026
8482684,Luke Hughes,D,20222023,20252026
8477366,Luke Johnson,C,20202021,20202021
8479316,Luke Kunin,C,20202021,20252026
8478224,Luke Philp,C,20222023,20222023
8474568,Luke Schenn,D,20202021,20252026
8474722,Luke Witkowski,D,20212022,20212022
8480439,Mac Hollowell,D,20222023,20222023
8480025,MacKenzie Entwistle,R,20202021,20232024
8477346,MacKenzie Weegar,D,20202021,20252026
8483122,Mack Guzda,G,20222023,20222023
8478406,Mackenzie Blackwood,G,20202021,20252026
8476907,Mackenzie MacEachern,L,20202021,20252026
8482713,Mackie Samoskevich,R,20232024,20252026
8484801,Macklin Celebrini,C,20242025,20252026
8477474,Madison Bowey,D,20202021,20212022
8481544,Mads Sogaard,G,20212022,20252026
8480992,Magnus Chrona,G,20232024,20232024
8476433,Magnus Hellberg,G,20212022,20242025
8480201,Maksim Sushko,R,20202021,20202021
8483763,Maksymilian Szuber,D,20232024,20232024
8476876,Malcolm Subban,G,20202021,20232024
8482177,Marat Khusnutdinov,C,20232024,20252026
8481743,Marc Del Gaizo,D,20232024,20242025
8483553,Marc Gatcomb,C,20242025,20252026
8483401,Marc Johnstone,R,20232024,20232024
8483397,Marc McLaughlin,C,20212022,20242025
8482063,Marc Michaelis,L,20202021,20202021
8471686,Marc Staal,D,20202021,20232024
8470594,Marc-Andre Fleury,G,20202021,20242025
8471709,Marc-Edouard Vlasic,D,20202021,20242025
8483464,Marco Kasper,C,20222023,20252026
8482079,Marco Rossi,C,20212022,20252026
8474618,Marco Scandella,D,20202021,20232024
8483620,Marcus Bjork,D,20222023,20222023
8475220,Marcus Foligno,L,20202021,20252026
8477405,Marcus Hogberg,G,20202021,20252026
8475149,Marcus Johansson,L,20202021,20252026
8477969,Marcus Pettersson,D,20202021,20252026
8475834,Marcus Sorensen,L,20202021,20202021
8479983,Mario Ferraro,D,20202021,20252026
8480226,Marián Studenic,R,20202021,20232024
8475729,Mark Alt,D,20202021,20202021
8474697,Mark Borowiecki,D,20202021,20222023
8478017,Mark Friedman,D,20202021,20242025
8470966,Mark Giordano,D,20202021,20232024
8476873,Mark Jankowski,C,20202021,20252026
8480355,Mark Kastelic,C,20212022,20252026
8475796,Mark Pysyk,D,20202021,20212022
8476460,Mark Scheifele,C,20202021,20252026
8475913,Mark Stone,R,20202021,20252026
8479338,Markus Niemelainen,D,20212022,20222023
8478906,Markus Nutivaara,D,20202021,20212022
8483546,Marshall Rifai,D,20232024,20232024
8481569,Marshall Warren,D,20252026,20252026
8480796,Martin Fehérváry,D,20212022,20252026
8476924,Martin Frk,R,20202021,20212022
8474889,Martin Jones,G,20202021,20232024
8480822,Martin Kaut,R,20202021,20222023
8480039,Martin Necas,C,20202021,20252026
8481028,Martin Pospisil,C,20232024,20252026
8478891,Mason Appleton,C,20202021,20252026
8477419,Mason Geertsen,D,20212022,20252026
8482511,Mason Lohrei,D,20232024,20252026
8478975,Mason Marchment,L,20202021,20252026
8482745,Mason McTavish,C,20212022,20252026
8481462,Mason Morelli,L,20232024,20242025
8479972,Mason Shaw,C,20212022,20232024
8478445,Mathew Barzal,C,20202021,20252026
8476856,Mathew Dumba,D,20202021,20252026
8482240,Mathias Brome,L,20202021,20202021
8478472,Mathieu Joseph,R,20202021,20252026
8479671,Mathieu Olivier,R,20202021,20252026
8473618,Mathieu Perreault,C,20202021,20212022
8481711,Matias Maccelli,L,20212022,20252026
8480162,Matiss Kivlenieks,G,20202021,20202021
8475692,Mats Zuccarello,C,20202021,20252026
8474749,Matt Bartkowski,D,20202021,20202021
8476988,Matt Benning,D,20202021,20252026
8481557,Matt Boldy,L,20212022,20252026
8474685,Matt Calvert,L,20202021,20202021
8482679,Matt Coronato,R,20222023,20252026
8475168,Matt Duchene,C,20202021,20252026
8476891,Matt Grzelcyk,D,20202021,20252026
8475625,Matt Irwin,D,20202021,20222023
8482641,Matt Kiersted,D,20202021,20252026
8479644,Matt Luff,R,20202021,20252026
8474709,Matt Martin,L,20202021,20242025
8483575,Matt Murray,G,20222023,20242025
8476899,Matt Murray,G,20202021,20252026
8476442,Matt Nieto,L,20202021,20242025
8484292,Matt Onuska,G,20222023,20222023
8482460,Matt Rempe,C,20232024,20252026
8478911,Matt Roy,D,20202021,20252026
8483512,Matt Savoie,C,20232024,20252026
8481737,Matt Stienburg,C,20242025,20242025
8476807,Matt Tennyson,D,20202021,20212022
8477035,Matt Tomkins,G,20232024,20242025
8480191,Matt Villalta,G,20202021,20252026
8483158,Matthew Berlin,G,20222023,20222023
8478146,Matthew Highmore,C,20202021,20242025
8482516,Matthew Kessel,D,20222023,20252026
8482720,Matthew Knies,L,20222023,20252026
8476285,Matthew Peca,C,20202021,20212022
8479547,Matthew Phillips,R,20202021,20232024
8483505,Matthew Poitras,C,20232024,20242025
8481525,Matthew Robertson,D,20242025,20252026
8485366,Matthew Schaefer,D,20252026,20252026
8479314,Matthew Tkachuk,L,20202021,20252026
8484241,Matthew Wood,R,20242025,20252026
8475218,Mattias Ekholm,D,20202021,20252026
8477406,Mattias Janmark,C,20202021,20252026
8481555,Mattias Norlinder,D,20212022,20212022
8480807,Mattias Samuelsson,D,20202021,20252026
8482665,Matty Beniers,C,20212022,20252026
8484860,Matvei Gridin,R,20252026,20252026
8484387,Matvei Michkov,R,20242025,20252026
8481712,Matěj  Blümel,R,20222023,20252026
8483472,Maveric Lamoureux,D,20242025,20252026
8482145,Mavrik Bourque,C,20232024,20252026
8477503,Max Domi,C,20202021,20252026
8479368,Max Jones,L,20202021,20252026
8476323,Max McCormick,L,20202021,20232024
8474157,Max Pacioretty,L,20202021,20242025
8484136,Max Sasson,C,20242025,20252026
8485702,Max Shabanov,R,20252026,20252026
8478051,Max Willman,C,20212022,20232024
8481679,Maxence Guenette,D,20222023,20232024
8482168,Maxim Groshev,D,20252026,20252026
8479553,Maxim Mamin,C,20212022,20212022
8484958,Maxim Tsyplakov,R,20242025,20252026
8480031,Maxime Comtois,L,20202021,20232024
8476509,Maxime Lagace,G,20202021,20212022
8479320,Maxime Lajoie,D,20212022,20232024
8481719,Maxwell Crozier,D,20232024,20252026
8478020,Michael Amadio,C,20202021,20252026
8484794,Michael Brandsegg-Nygård,R,20252026,20252026
8478047,Michael Bunting,L,20202021,20252026
8480828,Michael Callahan,D,20242025,20252026
8479619,Michael Carcone,L,20212022,20252026
8475808,Michael Chaput,C,20202021,20202021
8477936,Michael Dal Colle,L,20202021,20212022
8474584,Michael Del Zotto,D,20202021,20212022
8480022,Michael DiPietro,G,20202021,20242025
8479591,Michael Eyssimont,C,20212022,20252026
8473564,Michael Frolik,R,20202021,20202021
8475920,Michael Houser,G,20202021,20212022
8474636,Michael Hutchinson,G,20202021,20232024
8480891,Michael Kesselring,D,20222023,20252026
8481320,Michael Matyas,G,20242025,20242025
8477446,Michael McCarron,R,20202021,20252026
8479415,Michael McLeod,C,20202021,20232024
8478933,Michael McNiven,G,20212022,20212022
8482829,Michael Milne,L,20242025,20242025
8485402,Michael Misa,C,20252026,20252026
8479543,Michael Pezzetta,L,20212022,20242025
8477290,Michael Raffl,L,20202021,20212022
8479992,Michael Rasmussen,C,20202021,20252026
8475958,Michael Sgarbossa,C,20202021,20242025
8474628,Michael Stone,D,20202021,20222023
8479482,Michal Kempny,D,20212022,20212022
8474230,Micheal Haley,C,20202021,20202021
8476459,Mika Zibanejad,C,20202021,20252026
8474150,Mikael Backlund,C,20202021,20252026
8475798,Mikael Granlund,C,20202021,20252026
8482451,Mikael Pyyhtia,L,20222023,20252026
8482635,Mike Hardman,L,20202021,20242025
8474884,Mike Hoffman,C,20202021,20232024
8476875,Mike Matheson,D,20202021,20252026
8476422,Mike Reilly,D,20202021,20252026
8469608,Mike Smith,G,20202021,20212022
8480087,Mike Vecchione,R,20212022,20212022
8479998,Mikey Anderson,D,20202021,20252026
8479574,Mikhail Berdin,G,20212022,20212022
8476888,Mikhail Grigorenko,C,20202021,20202021
8479573,Mikhail Maltsev,L,20202021,20222023
8479410,Mikhail Sergachev,D,20202021,20252026
8469459,Mikko Koivu,C,20202021,20202021
8475156,Mikko Koskinen,G,20202021,20212022
8482247,Mikko Lehtonen,D,20202021,20202021
8478420,Mikko Rantanen,R,20202021,20252026
8473473,Milan Lucic,L,20202021,20232024
8477425,Miles Wood,L,20202021,20252026
8483597,Milos Kelemen,L,20222023,20232024
8480036,Miro Heiskanen,D,20202021,20252026
8478483,Mitch Marner,C,20202021,20252026
8482070,Mitchell Chaffee,R,20212022,20252026
8481064,Mitchell Gibson,G,20222023,20222023
8478477,Mitchell Stephens,C,20202021,20242025
8480289,Morgan Barron,C,20202021,20252026
8480028,Morgan Frost,C,20202021,20252026
8479987,Morgan Geekie,C,20202021,20252026
8476853,Morgan Rielly,D,20202021,20252026
8481542,Moritz Seider,D,20212022,20252026
8484160,Nate Danielson,C,20252026,20252026
8475613,Nate Prosser,D,20202021,20202021
8477220,Nate Schmidt,D,20202021,20252026
8480979,Nate Smith,C,20212022,20222023
8470775,Nate Thompson,C,20202021,20212022
8479414,Nathan Bastian,R,20202021,20252026
8476470,Nathan Beaulieu,D,20202021,20222023
8479594,Nathan Clurman,D,20242025,20242025
8471804,Nathan Gerbe,C,20202021,20202021
8481594,Nathan Légaré,R,20242025,20252026
8477492,Nathan MacKinnon,C,20202021,20252026
8477573,Nathan Walker,L,20202021,20252026
8475172,Nazem Kadri,C,20202021,20252026
8480145,Neal Pionk,D,20202021,20252026
8475343,Nic Dowd,C,20202021,20252026
8477464,Nic Petan,C,20202021,20232024
8481582,Nicholas Robertson,L,20202021,20252026
8481720,Nick Abruzzese,C,20212022,20222023
8475760,Nick Bjugstad,C,20202021,20252026
8483565,Nick Blankenburg,D,20212022,20252026
8474009,Nick Bonino,C,20202021,20232024
8479381,Nick Caamano,R,20202021,20202021
8484290,Nick Chenard,G,20222023,20222023
8482824,Nick Cicek,D,20222023,20222023
8476393,Nick Cousins,C,20202021,20252026
8480084,Nick DeSimone,D,20222023,20252026
8473422,Nick Foligno,L,20202021,20252026
8474207,Nick Holden,D,20202021,20222023
8475324,Nick Jensen,D,20202021,20252026
8484185,Nick Lardis,L,20252026,20252026
8475181,Nick Leddy,D,20202021,20252026
8478447,Nick Merkley,R,20202021,20212022
8477426,Nick Paul,L,20202021,20252026
8480246,Nick Perbix,D,20222023,20252026
8477941,Nick Ritchie,L,20202021,20222023
8477951,Nick Schmaltz,C,20202021,20252026
8476372,Nick Seeler,D,20212022,20252026
8480018,Nick Suzuki,C,20202021,20252026
8480275,Nick Swaney,R,20222023,20222023
8473563,Nicklas Backstrom,C,20202021,20232024
8482076,Nico Daws,G,20212022,20252026
8480002,Nico Hischier,C,20202021,20252026
8481477,Nico Sturm,C,20202021,20252026
8477979,Nicolas Aube-Kubel,R,20202021,20252026
8480814,Nicolas Beaudin,D,20202021,20212022
8475235,Nicolas Deslauriers,L,20202021,20252026
8479980,Nicolas Hague,D,20202021,20252026
8478467,Nicolas Meloche,D,20202021,20212022
8478462,Nicolas Roy,C,20202021,20252026
8481543,Nikita Alexandrov,C,20222023,20232024
8482787,Nikita Chibrikov,R,20232024,20252026
8483733,Nikita Grebenkin,R,20242025,20252026
8477038,Nikita Gusev,L,20202021,20202021
8476453,Nikita Kucherov,R,20212022,20252026
8481754,Nikita Nesterenko,C,20222023,20252026
8476300,Nikita Nesterov,D,20202021,20202021
8481537,Nikita Okhotiuk,D,20212022,20232024
8485105,Nikita Prishchepov,C,20242025,20242025
8478373,Nikita Soshnikov,R,20222023,20222023
8484268,Nikita Tolopilo,G,20242025,20252026
8477507,Nikita Zadorov,D,20202021,20252026
8479458,Nikita Zaitsev,D,20202021,20232024
8483668,Nikke Kokko,G,20242025,20242025
8471769,Niklas Hjalmarsson,D,20202021,20202021
8478859,Niko Mikkola,D,20202021,20252026
8481812,Nikolai Knyzhov,D,20202021,20232024
8481042,Nikolai Kovalenko,R,20242025,20242025
8477940,Nikolaj Ehlers,L,20202021,20252026
8484321,Nikolas Matinpalo,D,20232024,20252026
8482496,Nils Aman,C,20222023,20252026
8481535,Nils Hoglander,L,20202021,20252026
8480878,Nils Lundkvist,D,20212022,20252026
8475799,Nino Niederreiter,R,20202021,20252026
8480220,Noah Cates,L,20212022,20252026
8480865,Noah Dobson,D,20202021,20252026
8479393,Noah Gregor,C,20202021,20252026
8478396,Noah Hanifin,D,20202021,20252026
8478454,Noah Juulsen,D,20202021,20252026
8483690,Noah Laba,C,20252026,20252026
8483500,Noah Ostlund,C,20242025,20252026
8481491,Noah Philp,C,20242025,20252026
8478569,Noel Acciari,C,20202021,20252026
8482700,Nolan Allan,D,20242025,20242025
8481518,Nolan Foote,L,20202021,20242025
8479974,Nolan Patrick,C,20202021,20212022
8482803,Olen Zellweger,D,20232024,20252026
8477416,Oliver Bjorkstrand,R,20202021,20252026
8475171,Oliver Ekman-Larsson,D,20202021,20252026
8482775,Oliver Kapanen,C,20242025,20252026
8478430,Oliver Kylington,D,20202021,20242025
8484197,Oliver Moore,C,20242025,20252026
8480789,Oliver Wahlstrom,R,20202021,20242025
8480885,Olivier Rodrigue,G,20242025,20242025
8481629,Olle Alsing,D,20202021,20202021
8480042,Olle Eriksson Ek,G,20212022,20222023
8480245,Olle Lycksell,R,20222023,20252026
8479355,Olli Juolevi,D,20202021,20212022
8476874,Olli Määttä,D,20202021,20252026
8478131,Ondrej Kase,R,20202021,20222023
8476292,Ondrej Palat,L,20202021,20252026
8484259,Ondrej Pavel,C,20232024,20232024
8476861,Oscar Dansk,G,20202021,20242025
8484168,Oscar Fisker Molgaard,C,20252026,20252026
8480840,Oskar Back,C,20242025,20252026
8478067,Oskar Lindblom,L,20202021,20232024
8482712,Oskar Olausson,R,20222023,20242025
8479546,Oskar Steen,C,20202021,20232024
8476897,Oskar Sundqvist,C,20202021,20252026
8479526,Otto Koivula,L,20212022,20222023
8481105,Otto Leskinen,D,20202021,20202021
8484230,Otto Stenberg,C,20252026,20252026
8483424,Owen Beck,C,20222023,20252026
8483503,Owen Pickering,D,20242025,20252026
8482671,Owen Power,D,20212022,20252026
8485465,Owen Say,G,20252026,20252026
8483538,Owen Sillinger,C,20242025,20242025
8480015,Owen Tippett,R,20202021,20252026
8482103,Ozzy Wiesblatt,C,20242025,20252026
8474056,P.K. Subban,D,20202021,20212022
8480058,P.O Joseph,D,20202021,20252026
8480944,Par Lindholm,C,20202021,20202021
8484135,Parker Ford,C,20242025,20252026
8480448,Parker Kelly,C,20202021,20252026
8477574,Parker Milner,G,20252026,20252026
8478450,Parker Wotherspoon,D,20222023,20252026
8471887,Patric Hornqvist,R,20202021,20222023
8470638,Patrice Bergeron,C,20202021,20222023
8477887,Patrick Brown,C,20202021,20242025
8480825,Patrick Giles,R,20242025,20252026
8474141,Patrick Kane,R,20202021,20252026
8466139,Patrick Marleau,C,20202021,20202021
8474034,Patrick Maroon,L,20202021,20242025
8479466,Patrick Russell,R,20202021,20202021
8484326,Patrik Koch,D,20232024,20232024
8479339,Patrik Laine,R,20202021,20252026
8475747,Patrik Nemeth,D,20202021,20222023
8474038,Paul Byron,L,20202021,20212022
8481032,Paul Cotter,C,20212022,20252026
8476983,Paul LaDue,D,20212022,20212022
8471669,Paul Stastny,C,20202021,20222023
8477402,Pavel Buchnevich,L,20202021,20252026
8481604,Pavel Dorofeyev,L,20212022,20252026
8480925,Pavel Francouz,G,20202021,20222023
8483490,Pavel Mintyukov,D,20232024,20252026
8478401,Pavel Zacha,C,20202021,20252026
8483630,Pavol Regenda,L,20222023,20252026
8471469,Pekka Rinne,G,20202021,20202021
8475852,Petr Mrazek,G,20202021,20252026
8476989,Petteri Lindbohm,D,20212022,20212022
8481522,Peyton Krebs,C,20202021,20252026
8477831,Pheonix Copley,G,20212022,20252026
8473548,Phil Kessel,C,20202021,20222023
8481598,Philip Broberg,D,20212022,20252026
8480274,Philip Kemp,D,20232024,20232024
8481577,Philip Tomasino,C,20212022,20252026
8475831,Philipp Grubauer,G,20202021,20252026
8480798,Philipp Kurashev,C,20202021,20252026
8477475,Philippe Desrosiers,G,20202021,20202021
8477544,Philippe Maillet,C,20202021,20202021
8479026,Philippe Myers,D,20202021,20252026
8476479,Phillip Danault,L,20202021,20252026
8476858,Phillip Di Giuseppe,L,20202021,20242025
8478115,Pierre Engvall,L,20202021,20242025
8477930,Pierre-Edouard Bellemare,L,20202021,20232024
8479400,Pierre-Luc Dubois,L,20202021,20252026
8483920,Pierrick Dube,R,20232024,20232024
8480459,Pius Suter,C,20202021,20252026
8480995,Pontus Holmberg,R,20222023,20252026
8481611,Pyotr Kochetkov,G,20212022,20252026
8480800,Quinn Hughes,D,20202021,20252026
8485511,Quinn Hutson,R,20242025,20252026
8482124,Quinton Byfield,C,20202021,20252026
8476889,Radek Faksa,C,20202021,20252026
8480160,Radim Simek,D,20202021,20222023
8482241,Radim Zohorna,L,20202021,20232024
8475462,Radko Gudas,D,20202021,20252026
8481093,Rafael Harvey-Pinard,L,20212022,20242025
8481534,Raphael Lavoie,C,20232024,20242025
8478397,Rasmus Andersson,D,20202021,20252026
8479335,Rasmus Asplund,C,20202021,20242025
8480839,Rasmus Dahlin,D,20202021,20252026
8480845,Rasmus Kupari,C,20202021,20242025
8477499,Rasmus Ristolainen,D,20202021,20252026
8480873,Rasmus Sandin,D,20202021,20252026
8481147,Reese Johnson,C,20202021,20242025
8484297,Reid Cooper,G,20222023,20222023
8483513,Reid Schaefer,L,20252026,20252026
8475191,Reilly Smith,R,20202021,20252026
8480054,Reilly Walsh,D,20212022,20212022
8479514,Rem Pitlick,C,20202021,20232024
8477461,Remi Elie,L,20212022,20212022
8479587,Rhett Gardner,C,20202021,20232024
8475209,Richard Panik,R,20202021,20212022
8476483,Rickard Rakell,R,20202021,20252026
8482092,Ridly Greig,C,20222023,20252026
8477003,Riley Barber,R,20212022,20212022
8480988,Riley Damiani,C,20212022,20212022
8482213,Riley Duran,C,20242025,20242025
8474062,Riley Nash,C,20202021,20232024
8475772,Riley Sheahan,C,20202021,20222023
8479388,Riley Stillman,D,20202021,20252026
8479362,Riley Tufte,L,20212022,20252026
8477952,Robby Fabbri,C,20202021,20252026
8474145,Robert Bortuzzo,D,20202021,20242025
8477462,Robert Hagg,D,20202021,20242025
8480023,Robert Thomas,C,20202021,20252026
8475215,Robin Lehner,G,20202021,20212022
8480071,Robin Salo,D,20212022,20222023
8482162,Roby Jarventie,L,20232024,20232024
8476428,Rocco Grimaldi,C,20202021,20212022
8479022,Rodrigo Abols,C,20242025,20252026
8477981,Roland McKeown,D,20222023,20222023
8474600,Roman Josi,D,20202021,20252026
8481521,Ronnie Attard,D,20212022,20232024
8478449,Roope Hintz,L,20202021,20252026
8482209,Rory Kerins,C,20242025,20252026
8479525,Ross Colton,C,20202021,20252026
8477527,Ross Johnston,L,20202021,20252026
8478078,Rourke Chartier,C,20222023,20232024
8478870,Rudolfs Balcers,L,20202021,20222023
8481016,Ruslan Iskhakov,C,20232024,20232024
8483487,Rutger McGroarty,R,20242025,20252026
8477846,Ryan Carpenter,C,20202021,20232024
8477987,Ryan Donato,C,20202021,20252026
8476288,Ryan Dzingel,C,20202021,20212022
8475176,Ryan Ellis,D,20202021,20212022
8470612,Ryan Getzlaf,C,20202021,20212022
8477435,Ryan Graves,D,20202021,20252026
8483450,Ryan Greene,C,20242025,20252026
8477451,Ryan Hartman,R,20202021,20252026
8475793,Ryan Johansen,C,20202021,20232024
8481564,Ryan Johnson,D,20232024,20252026
8484186,Ryan Leonard,R,20242025,20252026
8479324,Ryan Lindgren,D,20202021,20252026
8479066,Ryan Lomberg,L,20202021,20252026
8477974,Ryan MacInnis,C,20202021,20212022
8474151,Ryan McDonagh,D,20202021,20252026
8480802,Ryan McLeod,C,20202021,20252026
8480847,Ryan Merkley,D,20212022,20212022
8468011,Ryan Miller,G,20202021,20202021
8476850,Ryan Murray,D,20202021,20222023
8476454,Ryan Nugent-Hopkins,C,20202021,20252026
8475158,Ryan O'Reilly,C,20202021,20252026
8480068,Ryan Poehling,C,20212022,20252026
8477506,Ryan Pulock,D,20202021,20252026
8471817,Ryan Reaves,R,20202021,20252026
8478854,Ryan Shea,D,20232024,20252026
8476458,Ryan Strome,C,20202021,20252026
8470600,Ryan Suter,D,20202021,20242025
8481576,Ryan Suzuki,C,20242025,20242025
8482715,Ryan Ufko,D,20242025,20242025
8482751,Ryan Winterton,C,20232024,20252026
8482858,Ryker Evans,D,20232024,20252026
8480565,Rylan Toth,G,20212022,20212022
8482465,Rémi Poirier,G,20222023,20252026
8477357,Saku Maenalanen,R,20222023,20222023
8477935,Sam Bennett,C,20202021,20252026
8475842,Sam Carrick,C,20202021,20252026
8482118,Sam Colangelo,R,20232024,20252026
8484806,Sam Dickinson,D,20252026,20252026
8474040,Sam Gagner,C,20202021,20232024
8478043,Sam Lafferty,C,20202021,20252026
8484258,Sam Malinski,D,20232024,20252026
8484821,Sam Morton,C,20242025,20252026
8481591,Sam Poulin,R,20222023,20252026
8477933,Sam Reinhart,C,20202021,20252026
8483506,Sam Rinzel,D,20242025,20252026
8479351,Sam Steel,C,20202021,20252026
8478915,Sami Niku,D,20202021,20212022
8475222,Sami Vatanen,D,20202021,20202021
8478104,Sammy Blais,L,20202021,20252026
8480267,Sammy Walker,C,20222023,20232024
8480846,Sampo Ranta,L,20212022,20222023
8481541,Samuel Bolduc,D,20222023,20242025
8481035,Samuel Ersson,G,20222023,20252026
8481239,Samuel Fagemo,L,20212022,20232024
8479398,Samuel Girard,D,20202021,20252026
8482726,Samuel Helenius,C,20242025,20252026
8484180,Samuel Honzek,L,20242025,20252026
8482448,Samuel Knazko,D,20222023,20222023
8478956,Samuel Laberge,L,20232024,20232024
8478470,Samuel Montembeault,G,20202021,20252026
8477502,Samuel Morin,D,20202021,20202021
8484298,Samuel Richard,G,20222023,20222023
8483771,Sandis Vilmanis,L,20252026,20252026
8481701,Santeri Hatakka,D,20212022,20232024
8480053,Sasha Chmelevski,C,20202021,20212022
8476449,Scott Harrington,D,20202021,20222023
8476872,Scott Laughton,L,20202021,20252026
8476429,Scott Mayfield,D,20202021,20252026
8482666,Scott Morrow,D,20232024,20252026
8481059,Scott Perunovich,D,20212022,20242025
8480060,Scott Reedy,C,20212022,20212022
8477149,Scott Sabourin,R,20202021,20252026
8475809,Scott Wedgewood,G,20202021,20252026
8483429,Seamus Casey,D,20242025,20252026
8476461,Sean Couturier,C,20202021,20252026
8479413,Sean Day,D,20212022,20212022
8480434,Sean Durzi,D,20212022,20252026
8482081,Sean Farrell,C,20222023,20222023
8476374,Sean Kuraly,C,20202021,20252026
8477391,Sean Malone,C,20202021,20202021
8477497,Sean Monahan,C,20202021,20252026
8480336,Sean Walker,D,20202021,20252026
8478427,Sebastian Aho,R,20202021,20252026
8480222,Sebastian Aho,D,20202021,20232024
8482657,Sebastian Cossa,G,20242025,20242025
8480977,Semyon Der-Arguchintsev,C,20222023,20222023
8473575,Semyon Varlamov,G,20202021,20242025
8475683,Sergei Bobrovsky,G,20202021,20252026
8483703,Sergei Murashov,G,20252026,20252026
8476495,Seth Griffith,C,20212022,20212022
8482093,Seth Jarvis,C,20212022,20252026
8477495,Seth Jones,D,20202021,20252026
8482166,Shakir Mukhamadullin,D,20232024,20252026
8480032,Shane Bowers,C,20222023,20242025
8482941,Shane Lachance,L,20252026,20252026
8481596,Shane Pinto,C,20202021,20252026
8483524,Shane Wright,C,20222023,20252026
8476906,Shayne Gostisbehere,D,20202021,20252026
8477447,Shea Theodore,D,20202021,20252026
8470642,Shea Weber,D,20202021,20202021
8480326,Sheldon Dries,C,20202021,20222023
8480776,Sheldon Rempal,R,20202021,20232024
8471675,Sidney Crosby,C,20202021,20252026
8481122,Simon Benoit,D,20202021,20252026
8482762,Simon Edvinsson,D,20222023,20252026
8481601,Simon Holmstrom,R,20222023,20252026
8481547,Simon Lundmark,D,20252026,20252026
8483495,Simon Nemec,D,20232024,20252026
8480291,Skyler Brind'Amour,C,20242025,20242025
8476886,Slater Koekkoek,D,20202021,20212022
8477947,Sonny Milano,L,20202021,20252026
8481519,Spencer Knight,G,20202021,20252026
8477484,Spencer Martin,G,20202021,20252026
8481056,Spencer Stastney,D,20222023,20252026
8485729,Stanislav Berezhnoy,G,20252026,20252026
8482711,Stanislav Svozil,D,20222023,20222023
8476870,Stefan Matteau,C,20202021,20212022
8476474,Stefan Noesen,R,20202021,20252026
8482626,Stefanos Lekkas,G,20202021,20202021
8483676,Stephen Halliday,C,20252026,20252026
8476396,Steven Fogarty,C,20202021,20222023
8474000,Steven Kampfer,D,20202021,20202021
8478904,Steven Lorentz,C,20202021,20252026
8477463,Steven Santini,D,20202021,20252026
8474564,Steven Stamkos,C,20202021,20252026
8479973,Stuart Skinner,G,20202021,20252026
8476466,Sven Baertschi,L,20212022,20212022
8471698,T.J. Oshie,R,20202021,20232024
8476391,T.J. Tynan,C,20212022,20252026
8474673,TJ Brodie,D,20202021,20242025
8479420,Tage Thompson,C,20202021,20252026
8479661,Tanner Jeannot,L,20202021,20252026
8478528,Tanner Kero,C,20202021,20212022
8479550,Tanner Laczynski,C,20202021,20252026
8476871,Tanner Pearson,L,20202021,20252026
8479462,Tarmo Reunanen,D,20202021,20202021
8481433,Taro Hirose,L,20202021,20222023
8476166,Taylor Fedun,D,20222023,20222023
8475791,Taylor Hall,L,20202021,20252026
8482953,Taylor Makar,L,20252026,20252026
8479390,Taylor Raddysh,R,20212022,20252026
8483406,Taylor Ward,R,20242025,20252026
8476927,Teddy Blueger,C,20202021,20252026
8476882,Teuvo Teravainen,L,20202021,20252026
8477967,Thatcher Demko,G,20202021,20252026
8482133,Thomas Bordeleau,C,20212022,20242025
8478469,Thomas Chabot,D,20202021,20252026
8471306,Thomas Greiss,G,20202021,20222023
8481581,Thomas Harley,D,20212022,20252026
8474066,Thomas Hickey,D,20202021,20212022
8480591,Thomas Hodges,G,20212022,20212022
8483114,Thomas Milic,G,20252026,20252026
8481072,Tim Berni,D,20222023,20222023
8479364,Tim Gettinger,L,20202021,20212022
8482116,Tim Stützle,L,20202021,20252026
8485512,Tim Washe,C,20242025,20252026
8478414,Timo Meier,R,20202021,20252026
8480043,Timothy Liljegren,D,20202021,20252026
8481600,Tobias Bjornfot,D,20202021,20252026
8476356,Tobias Rieder,C,20202021,20202021
8484240,Tom Willander,D,20252026,20252026
8476880,Tom Wilson,R,20202021,20252026
8476881,Tomas Hertl,C,20202021,20252026
8476430,Tomas Jurco,R,20202021,20202021
8477931,Tomas Nosek,L,20202021,20242025
8475193,Tomas Tatar,L,20202021,20242025
8478438,Tommy Novak,C,20212022,20252026
8477950,Tony DeAngelo,D,20202021,20252026
8476792,Torey Krug,D,20202021,20232024
8476329,Travis Boyd,C,20202021,20242025
8478408,Travis Dermott,D,20202021,20242025
8474612,Travis Hamonic,D,20202021,20252026
8478439,Travis Konecny,C,20202021,20252026
8484262,Travis Mitchell,D,20252026,20252026
8477948,Travis Sanheim,D,20202021,20252026
8471233,Travis Zajac,C,20202021,20202021
8479365,Trent Frederic,C,20202021,20252026
8481529,Trent Miner,G,20242025,20252026
8482479,Trevor Kuntar,C,20252026,20252026
8473453,Trevor Lewis,C,20202021,20242025
8479675,Trevor Moore,C,20202021,20252026
8481533,Trevor Zegras,C,20202021,20252026
8477845,Trevor van Riemsdyk,D,20202021,20252026
8480441,Trey Fix-Wolansky,R,20212022,20232024
8482698,Tristan Broz,C,20252026,20252026
8477465,Tristan Jarry,G,20202021,20252026
8482668,Tristan Lennox,G,20242025,20242025
8483482,Tristan Luneau,D,20232024,20242025
8483039,Tristen Nielsen,C,20252026,20252026
8482181,Tristen Robins,C,20222023,20222023
8477234,Troy Grosenick,G,20202021,20232024
8479442,Troy Stecher,D,20202021,20252026
8478873,Troy Terry,C,20202021,20252026
8477359,Tucker Poolman,D,20202021,20222023
8476505,Turner Elson,C,20212022,20212022
8471695,Tuukka Rask,G,20202021,20212022
8480848,Ty Dellandrea,C,20202021,20252026
8480834,Ty Emberson,D,20232024,20252026
8484406,Ty Mueller,C,20242025,20242025
8482804,Ty Murchison,D,20252026,20252026
8480883,Ty Smith,D,20202021,20242025
8481740,Tyce Thompson,R,20202021,20222023
8479746,Tye Felhaber,L,20242025,20242025
8481789,Tye Kartye,L,20232024,20252026
8481690,Tyler Angle,C,20222023,20232024
8479347,Tyler Benson,L,20212022,20222023
8477479,Tyler Bertuzzi,L,20202021,20252026
8475098,Tyler Bozak,C,20202021,20212022
8474589,Tyler Ennis,C,20202021,20212022
8476344,Tyler Graovac,C,20202021,20202021
8474870,Tyler Johnson,C,20202021,20242025
8482095,Tyler Kleven,D,20222023,20252026
8477343,Tyler Lewington,D,20202021,20212022
8477353,Tyler Motte,C,20202021,20242025
8474574,Tyler Myers,D,20202021,20252026
8484620,Tyler Palmer,G,20242025,20242025
8475752,Tyler Pitlick,C,20202021,20252026
8475794,Tyler Seguin,C,20202021,20252026
8475726,Tyler Toffoli,C,20202021,20252026
8481006,Tyler Tucker,D,20222023,20252026
8475197,Tyson Barrie,D,20202021,20242025
8482159,Tyson Foerster,R,20222023,20252026
8479370,Tyson Jost,C,20202021,20252026
8482896,Tyson Kozak,C,20242025,20252026
8480045,Ukko-Pekka Luukkonen,G,20202021,20252026
8480001,Urho Vaakanainen,D,20202021,20252026
8484304,Uvis Balinskis,D,20232024,20252026
8481689,Vadim Zherenko,G,20222023,20222023
8477501,Valeri Nichushkin,R,20202021,20252026
8470047,Valtteri Filppula,C,20202021,20202021
8481703,Valtteri Puustinen,R,20212022,20242025
8481617,Vasily Podkolzin,R,20212022,20252026
8482102,Vasily Ponomarev,C,20232024,20242025
8481001,Veini Vehvilainen,G,20202021,20202021
8480997,Victor Brattstrom,G,20212022,20212022
8475167,Victor Hedman,D,20202021,20252026
8483768,Victor Mancini,D,20242025,20252026
8479376,Victor Mete,D,20202021,20232024
8478109,Victor Olofsson,R,20202021,20252026
8484910,Victor Ostman,G,20242025,20242025
8476437,Victor Rask,C,20202021,20212022
8481599,Victor Soderstrom,D,20202021,20252026
8478042,Viktor Arvidsson,L,20202021,20252026
8481657,Viktor Lodin,C,20212022,20212022
8481572,Ville Heinola,D,20202021,20242025
8478024,Ville Husso,G,20202021,20252026
8482758,Ville Koivunen,R,20242025,20252026
8482866,Ville Ottavainen,D,20242025,20242025
8478407,Vince Dunn,D,20202021,20252026
8479576,Vincent Desharnais,D,20222023,20252026
8482861,Vincent Iorio,D,20222023,20252026
8476389,Vincent Trocheck,C,20202021,20252026
8479968,Vinni Lettieri,C,20202021,20242025
8476994,Vinnie Hinostroza,C,20202021,20252026
8480833,Vitali Kravtsov,R,20202021,20222023
8479411,Vitaly Abramov,R,20202021,20202021
8477970,Vitek Vanecek,G,20202021,20252026
8475765,Vladimir Tarasenko,R,20202021,20252026
8478250,Vladimir Tkachev,L,20212022,20212022
8478882,Vladislav Gavrikov,D,20202021,20252026
8481609,Vladislav Kolyachonok,D,20212022,20252026
8476480,Vladislav Namestnikov,C,20202021,20252026
8483746,Vyacheslav Buteyets,G,20252026,20252026
8479322,Wade Allison,R,20202021,20222023
8482652,Walker Duehr,R,20212022,20242025
8484325,Waltteri Merela,C,20232024,20232024
8477998,Warren Foegele,L,20202021,20252026
8474190,Wayne Simmonds,R,20202021,20222023
8478840,Will Borgen,D,20202021,20252026
8477355,Will Butcher,D,20202021,20212022
8482157,Will Cuylle,L,20222023,20252026
8484227,Will Smith,C,20242025,20252026
8479375,William Bitten,C,20222023,20222023
8477478,William Carrier,L,20202021,20252026
8482207,William Dufour,R,20222023,20222023
8482667,William Eklund,L,20212022,20252026
8476448,William Karlsson,C,20202021,20252026
8478021,William Lagesson,D,20202021,20242025
8479367,William Lockwood,R,20202021,20232024
8477939,William Nylander,C,20202021,20252026
8482766,William Stromgren,L,20252026,20252026
8483569,Wyatt Aamodt,D,20242025,20242025
8482740,Wyatt Johnston,C,20222023,20252026
8482176,Wyatt Kaiser,D,20222023,20252026
8480293,Wyatt Kalynuk,D,20202021,20212022
8482673,Xavier Bourgault,R,20252026,20252026
8476443,Xavier Ouellet,D,20202021,20202021
8483841,Xavier Parent,C,20252026,20252026
8478508,Yakov Trenin,C,20202021,20252026
8482165,Yan Kuznetsov,D,20232024,20252026
8484293,Yaniv Perets,G,20232024,20242025
8476826,Yanni Gourde,C,20202021,20252026
8474134,Yannick Weber,D,20202021,20202021
8482137,Yaroslav Askarov,G,20222023,20252026
8481068,Yegor Sharangovich,C,20202021,20252026
8474610,Zac Dalpe,C,20202021,20222023
8481708,Zac Jones,D,20202021,20242025
8474736,Zac Rinaldo,C,20202021,20202021
8484145,Zach Benson,L,20232024,20252026
8474567,Zach Bogosian,D,20202021,20252026
8482784,Zach Dean,C,20232024,20232024
8477457,Zach Fucale,G,20212022,20222023
8475786,Zach Hyman,C,20202021,20252026
8484305,Zach Metsa,D,20252026,20252026
8470610,Zach Parise,L,20202021,20232024
8479313,Zach Sawchenko,G,20212022,20212022
8478485,Zach Senyshyn,R,20202021,20212022
8478460,Zach Werenski,D,20202021,20252026
8480727,Zach Whitecloud,D,20202021,20252026
8479798,Zachary Andrews,G,20222023,20222023
8479944,Zachary Aston-Reese,C,20202021,20252026
8482737,Zachary Bolduc,C,20232024,20252026
8482742,Zachary L'Heureux,L,20242025,20242025
8477482,Zachary Sanford,L,20202021,20232024
8481849,Zack Hayes,D,20212022,20212022
8475178,Zack Kassian,R,20202021,20222023
8479772,Zack MacEwen,C,20202021,20252026
8482859,Zack Ostapchuk,C,20232024,20252026
8482947,Zakhar Bardakov,C,20252026,20252026
8475876,Zane McIntyre,G,20222023,20232024
8484768,Zayne Parekh,D,20242025,20252026
8465009,Zdeno Chara,D,20202021,20212022
8484798,Zeev Buium,D,20252026,20252026
8476878,Zemgus Girgensons,C,20212022,20252026
